park_name,park_code,states,designation,latitude,longitude,num_activities,num_topics,num_entrance_fees,description_length,has_camping,has_fishing,has_wildlife,has_biking,has_boating
Abraham Lincoln Birthplace National Historical Park,abli,KY,National Historical Park,37.5858662,-85.67330523,15,9,0,392,False,False,True,False,False
Acadia National Park,acad,ME,National Park,44.409286,-68.247501,46,31,8,396,True,True,True,True,True
Adams National Historical Park,adam,MA,National Historical Park,42.2553961,-71.01160356,8,8,1,298,False,False,False,False,False
African American Civil War Memorial,afam,DC,,38.9166,-77.026,2,4,0,252,False,False,False,False,False
African Burial Ground National Monument,afbg,NY,National Monument,40.71452681,-74.00447358,7,9,0,326,False,False,False,False,False
Agate Fossil Beds National Monument,agfo,NE,National Monument,42.42170419,-103.753886,16,16,0,395,False,False,True,False,False
Ala Kahakai National Historic Trail,alka,HI,National Historic Trail,19.144668109,-155.890734294,43,26,0,387,True,True,True,True,True
Alagnak Wild River,alag,AK,Wild River,59.05180188,-156.112002,12,10,0,361,True,True,True,False,True
Alaska Public Lands,anch,AK,,61.2188,-149.894536,0,0,0,352,False,False,False,False,False
Alcatraz Island,alca,CA,,37.82676234,-122.4230206,6,17,0,380,False,False,True,False,False
Aleutian Islands World War II National Historic Area,aleu,AK,National Historic Area,53.9143,-166.5197,7,30,0,387,False,False,True,False,False
Alibates Flint Quarries National Monument,alfl,TX,National Monument,35.5819662,-101.6717008,7,2,0,199,True,False,False,False,False
Allegheny Portage Railroad National Historic Site,alpo,PA,National Historic Site,40.42977467,-78.57431622,13,24,0,387,False,False,False,False,False
Amache National Historic Site,amch,CO,National Historic Site,38.04962,-102.32903,3,9,0,309,False,False,False,False,False
American Memorial Park,amme,MP,Park,15.21680033,145.7231096,22,21,0,391,False,True,True,True,False
Amistad National Recreation Area,amis,TX,National Recreation Area,29.53539777,-101.075821,29,27,0,387,True,True,True,False,True
Anacostia Park,anac,DC,Park,38.8782,-76.9703,15,12,0,234,False,True,True,True,True
Andersonville National Historic Site,ande,GA,National Historic Site,32.19831758,-84.12988898,19,27,0,397,True,False,False,False,False
Andrew Johnson National Historic Site,anjo,TN,National Historic Site,36.15624509,-82.83709021,5,8,0,399,False,False,False,False,False
Aniakchak National Monument & Preserve,ania,AK,National Monument & Preserve,56.85317675,-157.5544362,11,8,0,393,True,False,True,False,False
Antietam National Battlefield,anti,MD,National Battlefield,39.46763452,-77.73828017,17,21,7,285,True,False,True,True,False
Apostle Islands National Lakeshore,apis,WI,National Lakeshore,46.96240467,-90.66045665,29,35,0,392,True,True,True,False,True
Appalachian National Scenic Trail,appa,"CT,GA,MA,MD,ME,NC,NH,NJ,NY,PA,TN,VA,VT,WV",National Scenic Trail,40.41029575,-76.4337548,18,20,0,399,True,False,True,False,False
Appomattox Court House National Historical Park,apco,VA,National Historical Park,37.38022164,-78.79856982,19,28,0,280,False,False,True,False,False
Arches National Park,arch,UT,National Park,38.72261844,-109.5863666,18,11,3,332,True,False,False,True,False
Arkansas Post National Memorial,arpo,AR,National Memorial,34.00389998,-91.30837178,25,40,0,203,False,True,True,False,True
"Arlington House, The Robert E. Lee Memorial",arho,VA,,38.8822021484,-77.0734786987,3,14,0,383,False,False,False,False,False
Assateague Island National Seashore,asis,"MD,VA",National Seashore,38.05593172,-75.24524611,41,11,3,294,True,True,True,True,False
Aztec Ruins National Monument,azru,NM,National Monument,36.83682216,-107.9999245,11,19,0,395,False,False,False,False,False
Badlands National Park,badl,SD,National Park,43.68584846,-102.482942,21,36,7,342,True,False,True,True,False
Baltimore-Washington Parkway,bawa,MD,Parkway,39.02604289,-76.85410921,2,2,0,138,False,False,False,False,False
Bandelier National Monument,band,NM,National Monument,35.77898596,-106.3317124,28,23,3,280,True,False,True,False,False
Belmont-Paul Women's Equality National Monument,bepa,DC,National Monument,38.89231541,-77.00381882,7,22,0,395,False,False,False,False,False
Bent's Old Fort National Historic Site,beol,CO,National Historic Site,38.03977546,-103.4266499,17,20,0,399,False,False,True,True,False
Bering Land Bridge National Preserve,bela,AK,National Preserve,65.96087902,-164.4086432,13,4,0,365,True,False,True,False,False
Big Bend National Park,bibe,TX,National Park,29.29817767,-103.2297897,24,32,7,397,True,False,True,True,False
Big Cypress National Preserve,bicy,FL,National Preserve,25.97079602,-81.08120629,34,25,0,383,True,False,True,True,True
Big Hole National Battlefield,biho,MT,National Battlefield,45.64647324,-113.6458443,21,15,0,279,False,True,True,False,False
Big South Fork National River & Recreation Area,biso,"KY,TN",National River & Recreation Area,36.5348388,-84.66506688,31,18,0,390,True,True,True,True,True
Big Thicket National Preserve,bith,TX,National Preserve,30.457983431,-94.386742115,24,21,0,392,True,True,True,True,True
Bighorn Canyon National Recreation Area,bica,"MT,WY",National Recreation Area,45.13154227,-108.1443943,48,62,0,353,True,True,True,True,True
Birmingham Civil Rights National Monument,bicr,AL,National Monument,33.5154266357,-86.814666748,3,13,0,365,False,False,False,False,False
Biscayne National Park,bisc,FL,National Park,25.490587,-80.21023851,24,23,0,399,True,True,True,False,True
Black Canyon Of The Gunnison National Park,blca,CO,National Park,38.57779869,-107.7242756,26,18,9,319,True,True,True,False,False
Blackstone River Valley National Historical Park,blrv,"RI,MA",National Historical Park,41.8775792792,-71.382433945,13,26,0,392,False,True,True,True,False
Blackwell School National Historic Site,blsc,TX,National Historic Site,30.3057966497568,-104.022553112857,0,5,0,385,False,False,False,False,False
Blue Ridge Parkway,blri,"NC,VA",Parkway,35.5657195274,-82.486484587,19,18,0,395,True,True,True,True,False
Bluestone National Scenic River,blue,WV,National Scenic River,37.56577087,-80.98366657,15,11,0,387,False,True,True,True,True
Booker T Washington National Monument,bowa,VA,National Monument,37.11520539,-79.73185833,14,12,0,357,False,False,False,False,False
Boston African American National Historic Site,boaf,MA,National Historic Site,42.35908295,-71.06764181,4,13,0,358,False,False,False,False,False
Boston Harbor Islands National Recreation Area,boha,MA,National Recreation Area,42.30905526,-70.93941138,20,44,0,390,True,True,True,False,True
Boston National Historical Park,bost,MA,National Historical Park,42.36957407,-71.05536763,5,17,0,175,False,True,False,False,False
Brices Cross Roads National Battlefield Site,brcr,MS,National Battlefield Site,34.50611958,-88.72889343,3,6,0,185,False,False,False,False,False
Brown v. Board of Education National Historical Park,brvb,KS,National Historical Park,39.03787665,-95.67614437,4,6,0,394,False,False,False,False,False
Bryce Canyon National Park,brca,UT,National Park,37.58399144,-112.1826689,30,20,8,319,True,False,True,True,False
Buck Island Reef National Monument,buis,VI,National Monument,17.81026717,-64.6222179,11,13,0,380,False,False,True,False,True
Buffalo National River,buff,AR,National River,36.04116481,-92.90761584,27,10,0,315,True,True,True,False,False
Butterfield Overland National Historic Trail,buov,"MO,AR,OK,TX,NM,AZ,CA",National Historic Trail,32.2768237589,-106.796583304,0,0,0,387,False,False,False,False,False
Cabrillo National Monument,cabr,CA,National Monument,32.6722503,-117.2415985,15,15,8,363,False,False,True,True,False
California National Historic Trail,cali,"CA,CO,ID,KS,MO,NE,NV,OR,UT,WY",National Historic Trail,42.3999643979,-108.702415369,9,16,0,396,False,False,False,False,False
Camp Nelson National Monument,cane,KY,National Monument,37.7970179913,-84.598168306,5,21,0,380,False,False,False,False,False
Canaveral National Seashore,cana,FL,National Seashore,28.78637529,-80.75419576,21,3,3,361,True,True,True,False,True
Cane River Creole National Historical Park,cari,LA,National Historical Park,31.65408447,-93.00131977,6,8,0,355,False,False,False,False,False
Canyon de Chelly National Monument,cach,AZ,National Monument,36.14319567,-109.3388303,8,3,0,391,True,False,False,False,False
Canyonlands National Park,cany,UT,National Park,38.24555783,-109.8801624,22,18,3,302,True,False,False,True,True
Cape Cod National Seashore,caco,MA,National Seashore,41.92381465,-70.04319832,33,32,3,382,True,True,True,True,False
Cape Hatteras National Seashore,caha,NC,National Seashore,35.41370839,-75.65061112,28,23,0,395,True,True,True,False,False
Cape Henry Memorial Part of Colonial National Historical Park,came,VA,Part of Colonial National Historical Park,36.9278094,-76.0088219,2,0,0,372,False,False,False,False,False
Cape Krusenstern National Monument,cakr,AK,National Monument,67.41499986,-163.5037786,14,9,0,400,True,False,True,False,False
Cape Lookout National Seashore,calo,NC,National Seashore,34.8267961,-76.34319082,23,14,0,390,True,True,True,False,True
Capitol Hill Parks,cahi,DC,,38.889993,-76.990332,10,19,0,377,False,False,False,True,False
Capitol Reef National Park,care,UT,National Park,38.2821653131,-111.247048378,42,60,7,258,True,True,True,True,False
Captain John Smith Chesapeake National Historic Trail,cajo,"VA,MD,DE,DC,PA,NY",National Historic Trail,38.971601,-76.483355,34,39,0,400,True,True,True,False,True
Capulin Volcano National Monument,cavo,NM,National Monument,36.78171096,-103.9710427,13,6,9,377,False,False,True,True,False
Carl Sandburg Home National Historic Site,carl,NC,National Historic Site,35.26815509,-82.45106258,3,8,0,273,False,False,False,False,False
Carlisle Federal Indian Boarding School National Monument,cibs,PA,National Monument,40.2094,-77.17971,0,0,0,347,False,False,False,False,False
Carlsbad Caverns National Park,cave,NM,National Park,32.14089463,-104.5529688,17,13,2,269,True,False,True,False,False
Carter G. Woodson Home National Historic Site,cawo,DC,National Historic Site,38.91089286,-77.02431104,7,7,0,397,False,False,False,False,False
Casa Grande Ruins National Monument,cagr,AZ,National Monument,32.99702582,-111.5325383,12,10,0,380,False,False,False,False,False
Castillo de San Marcos National Monument,casa,FL,National Monument,29.89785701,-81.31217173,4,10,1,264,False,False,False,False,False
Castle Clinton National Monument,cacl,NY,National Monument,40.70347795,-74.01680558,5,10,0,339,False,False,False,False,False
Castle Mountains National Monument,camo,CA,National Monument,35.29156348,-115.0935606,4,14,0,383,True,False,False,False,False
Catoctin Mountain Park,cato,MD,Park,39.65068457,-77.46417665,21,15,0,284,True,True,False,False,False
Cedar Breaks National Monument,cebr,UT,National Monument,37.63545562,-112.845268,19,11,4,297,True,False,True,False,False
Cedar Creek & Belle Grove National Historical Park,cebe,VA,National Historical Park,39.0093576,-78.30618934,8,13,0,383,False,False,False,False,False
Chaco Culture National Historical Park,chcu,NM,National Historical Park,36.03963414,-107.9560076,5,3,9,369,True,False,False,False,False
Chamizal National Memorial,cham,TX,National Memorial,31.76729634,-106.4544011,15,14,0,356,False,False,True,True,False
Channel Islands National Park,chis,CA,National Park,33.98680093,-119.9112735,39,48,0,392,True,True,True,False,True
Charles Pinckney National Historic Site,chpi,SC,National Historic Site,32.84577392,-79.82487582,16,40,0,386,False,False,True,False,False
Charles Young Buffalo Soldiers National Monument,chyo,OH,National Monument,39.70817829,-83.89328575,7,7,0,354,False,False,False,False,False
Chattahoochee River National Recreation Area,chat,GA,National Recreation Area,33.99698333,-84.28953177,18,19,3,349,False,True,True,True,True
Chesapeake & Ohio Canal National Historical Park,choh,"DC,MD,WV",National Historical Park,39.000283692,-77.2481399539,24,22,8,382,True,True,True,True,True
Chesapeake Bay,cbpo,"DC,DE,MD,NY,PA,VA,WV",,38.971601,-76.483355,7,7,0,355,False,False,True,False,True
Chickamauga & Chattanooga National Military Park,chch,"GA,TN",National Military Park,34.94317623,-85.28749537,26,11,1,400,False,False,False,True,False
Chickasaw National Recreation Area,chic,OK,National Recreation Area,34.46050507,-97.00715669,36,26,0,107,True,True,True,True,True
Chiricahua National Monument,chir,AZ,National Monument,32.01214618,-109.341607,15,7,0,356,True,False,True,False,False
Christiansted National Historic Site,chri,VI,National Historic Site,17.7468,-64.7022,11,16,1,395,False,False,False,False,False
City Of Rocks National Reserve,ciro,ID,National Reserve,42.0699024,-113.7124097,41,24,0,356,True,True,True,True,False
Civil War Defenses of Washington,cwdw,"DC,MD,VA",,38.9644,-77.0292,16,20,0,397,False,False,True,True,False
Clara Barton National Historic Site,clba,MD,National Historic Site,38.96762882,-77.14009689,2,5,0,303,False,False,False,False,False
Colonial National Historical Park,colo,VA,National Historical Park,37.22824435,-76.61998123,8,11,1,396,False,False,False,True,False
Colorado National Monument,colm,CO,National Monument,39.05045016,-108.6920709,19,8,9,350,True,False,True,True,False
Coltsville National Historical Park,colt,CT,National Historical Park,42.4677505493,-73.203666687,0,5,0,386,False,False,False,False,False
Congaree National Park,cong,SC,National Park,33.79187523,-80.74867805,26,54,0,382,True,True,False,False,False
Constitution Gardens,coga,DC,,38.8909354,-77.04409306,1,5,0,366,False,False,False,False,False
Coronado National Memorial,coro,AZ,National Memorial,31.34900397,-110.2561574,14,8,0,378,False,False,True,True,False
Cowpens National Battlefield,cowp,SC,National Battlefield,35.13160654,-81.80935433,11,5,0,270,False,False,False,True,False
Crater Lake National Park,crla,OR,National Park,42.94065854,-122.1338414,43,33,10,398,True,True,True,True,True
Craters Of The Moon National Monument & Preserve,crmo,ID,National Monument & Preserve,43.20345611,-113.4791609,22,16,7,229,True,False,True,True,False
Cumberland Gap National Historical Park,cuga,"KY,TN,VA",National Historical Park,36.62503076,-83.6114083,11,21,0,397,True,False,True,True,False
Cumberland Island National Seashore,cuis,GA,National Seashore,30.85857484,-81.45253575,11,2,1,396,True,False,True,True,True
Curecanti National Recreation Area,cure,CO,National Recreation Area,38.46584558,-107.3303371,44,31,0,308,True,True,True,False,True
Cuyahoga Valley National Park,cuva,OH,National Park,41.26093905,-81.57116722,29,26,0,392,False,True,True,True,False
César E. Chávez National Monument,cech,CA,National Monument,35.22729389,-118.5615781,5,13,0,393,False,False,False,False,False
Dayton Aviation Heritage National Historical Park,daav,OH,National Historical Park,39.78944467,-84.10442045,8,6,0,391,False,False,False,True,False
De Soto National Memorial,deso,FL,National Memorial,27.52272613,-82.64335416,9,19,0,396,False,True,False,False,False
Death Valley National Park,deva,"CA,NV",National Park,36.48753731,-117.134395,27,26,8,384,True,False,True,True,False
Delaware Water Gap National Recreation Area,dewa,"NJ,PA",National Recreation Area,41.12793491,-74.94751173,38,16,1,383,True,True,True,True,True
Denali National Park & Preserve,dena,AK,National Park & Preserve,63.29777484,-151.0526568,34,31,1,384,True,True,True,True,False
Devils Postpile National Monument,depo,CA,National Monument,37.6152564,-119.0873903,13,22,0,387,True,True,True,True,False
Devils Tower National Monument,deto,WY,National Monument,44.59064655,-104.7156341,13,20,7,381,True,False,True,False,False
Dinosaur National Monument,dino,"CO,UT",National Monument,40.50739742,-108.9333714,30,28,10,397,True,True,True,True,False
Dry Tortugas National Park,drto,FL,National Park,24.628741,-82.87319,18,24,1,399,True,True,True,False,True
Dwight D. Eisenhower Memorial,ddem,DC,Memorial,38.8869476647,-77.018737554,2,2,0,107,False,False,False,False,False
Ebey's Landing National Historical Reserve,ebla,WA,National Historical Reserve,48.21403036,-122.6877213,33,32,0,376,True,True,True,True,True
Edgar Allan Poe National Historic Site,edal,PA,National Historic Site,39.96195482,-75.1500062,2,2,0,400,False,False,False,False,False
Effigy Mounds National Monument,efmo,IA,National Monument,43.08095081,-91.19687517,9,13,0,370,False,False,True,False,False
Eisenhower National Historic Site,eise,PA,National Historic Site,39.79577592,-77.26508101,10,14,0,400,False,False,False,True,False
El Camino Real de Tierra Adentro National Historic Trail,elca,"NM,TX",National Historic Trail,33.7990672546,-106.866386195,7,14,0,242,False,False,False,False,False
El Camino Real de los Tejas National Historic Trail,elte,"TX,LA",National Historic Trail,30.0922964581,-97.3397666725,4,14,0,275,False,False,False,False,False
El Malpais National Monument,elma,NM,National Monument,34.88422799,-107.9950948,17,6,0,389,True,False,True,False,False
El Morro National Monument,elmo,NM,National Monument,35.03895916,-108.3463984,19,21,0,389,True,False,True,False,False
Eleanor Roosevelt National Historic Site,elro,NY,National Historic Site,41.76208482,-73.89894026,7,1,0,354,False,False,False,False,False
Ellis Island Part of Statue of Liberty National Monument,elis,"NJ,NY",Part of Statue of Liberty National Monument,40.69946,-74.0401,11,9,0,314,False,False,False,False,False
Emmett Till and Mamie Till-Mobley National Monument,till,"IL,MS",National Monument,33.9711,-90.3698,2,13,0,395,False,False,False,False,False
Eugene O'Neill National Historic Site,euon,CA,National Historic Site,37.82604456,-122.0271566,8,1,0,359,False,False,False,False,False
Everglades National Park,ever,FL,National Park,25.37294225,-80.88200301,46,40,8,390,True,True,True,True,True
Federal Hall National Memorial,feha,NY,National Memorial,40.70731192,-74.01025636,6,7,0,335,False,False,False,False,False
Fire Island National Seashore,fiis,NY,National Seashore,40.69668638,-73.00013462,18,19,0,390,True,True,True,False,True
First Ladies National Historic Site,fila,OH,National Historic Site,40.79689857,-81.37579869,7,9,0,252,False,False,False,False,False
First State National Historical Park,frst,"DE,PA",National Historical Park,39.83076929,-75.56353942,15,19,0,297,False,True,False,True,False
Flight 93 National Memorial,flni,PA,National Memorial,40.06061476,-78.89456905,7,4,0,337,False,False,False,False,False
Florissant Fossil Beds National Monument,flfo,CO,National Monument,38.91260586,-105.2803396,17,9,1,283,False,False,False,False,False
Ford's Theatre National Historic Site,foth,DC,National Historic Site,38.89668819,-77.02577944,4,5,1,370,False,False,False,False,False
Fort Bowie National Historic Site,fobo,AZ,National Historic Site,32.14925942,-109.451132,9,11,0,345,False,False,True,False,False
Fort Davis National Historic Site,foda,TX,National Historic Site,30.59930381,-103.8961904,19,22,7,306,False,False,True,False,False
Fort Donelson National Battlefield,fodo,"KY,TN",National Battlefield,36.49019078,-87.92445695,8,8,0,397,False,False,False,False,False
Fort Dupont Park,fodu,DC,,38.87731289,-76.94955824,8,10,0,311,False,False,True,True,False
Fort Foote Park,fofo,MD,Park,38.76901785,-77.02812387,1,5,0,234,False,False,False,False,False
Fort Frederica National Monument,fofr,GA,National Monument,31.2214699,-81.39452014,7,4,0,356,False,False,False,True,False
Fort Laramie National Historic Site,fola,WY,National Historic Site,42.20301694,-104.5459112,14,13,0,354,False,True,False,False,False
Fort Larned National Historic Site,fols,KS,National Historic Site,38.18047491,-99.21836664,11,17,0,273,False,False,False,False,False
Fort Matanzas National Monument,foma,FL,National Monument,29.7121489,-81.23567535,7,29,1,375,False,True,False,False,False
Fort McHenry National Monument and Historic Shrine,fomc,MD,National Monument and Historic Shrine,39.26395314,-76.58044165,34,64,3,400,False,False,True,True,False
Fort Monroe National Monument,fomr,VA,National Monument,37.01733343,-76.30103195,17,26,0,355,False,False,True,True,False
Fort Necessity National Battlefield,fone,PA,National Battlefield,39.81306048,-79.59033344,18,10,0,282,False,False,True,False,False
Fort Point National Historic Site,fopo,CA,National Historic Site,37.80837439,-122.473747,7,15,0,291,False,True,False,False,False
Fort Pulaski National Monument,fopu,GA,National Monument,32.0308274,-80.93361681,19,47,2,393,False,True,True,True,True
Fort Raleigh National Historic Site,fora,NC,National Historic Site,35.93278602,-75.71496865,7,20,0,400,False,False,False,False,False
Fort Scott National Historic Site,fosc,KS,National Historic Site,37.84358849,-94.70429174,8,22,0,387,False,False,False,False,False
Fort Smith National Historic Site,fosm,"AR,OK",National Historic Site,35.38834746,-94.43129079,7,24,0,388,False,False,False,False,False
Fort Stanwix National Monument,fost,NY,National Monument,43.21053441,-75.45557626,25,32,0,399,False,False,False,True,False
Fort Sumter and Fort Moultrie National Historical Park,fosu,SC,National Historical Park,32.75654469,-79.87068744,23,55,1,400,False,True,True,False,True
Fort Union National Monument,foun,NM,National Monument,35.90700629,-105.0145185,7,12,0,328,False,False,False,False,False
Fort Union Trading Post National Historic Site,fous,"MT,ND",National Historic Site,48.00075828,-104.0375238,14,6,0,392,False,False,False,False,False
Fort Vancouver National Historic Site,fova,"OR,WA",National Historic Site,45.62234841,-122.6617043,15,16,1,393,False,False,True,True,False
Fort Washington Park,fowa,MD,Park,38.7117,-77.0302,8,12,0,247,False,True,False,False,False
Fossil Butte National Monument,fobu,WY,National Monument,41.85635223,-110.7624754,7,3,0,364,False,False,True,False,False
Frances Perkins National Monument,frpe,ME,National Monument,44.0052,-69.5568,0,0,0,385,False,False,False,False,False
Franklin Delano Roosevelt Memorial,frde,DC,,38.88341274,-77.04311542,8,3,0,213,False,False,True,False,False
Frederick Douglass National Historic Site,frdo,DC,National Historic Site,38.86298458,-76.98508147,7,10,1,387,False,False,False,False,False
Frederick Law Olmsted National Historic Site,frla,MA,National Historic Site,42.32424266,-71.13202567,6,6,0,400,False,False,False,False,False
Fredericksburg & Spotsylvania National Military Park,frsp,VA,National Military Park,38.29378,-77.46734,15,27,0,398,False,False,False,True,False
Freedom Riders National Monument,frri,AL,National Monument,33.635269165,-85.9064331055,4,9,0,394,False,False,False,False,False
Friendship Hill National Historic Site,frhi,PA,National Historic Site,39.77543423,-79.92504169,11,21,0,371,False,False,True,False,False
Gates Of The Arctic National Park & Preserve,gaar,AK,National Park & Preserve,67.75961636,-153.2917758,16,15,0,369,True,False,False,False,False
Gateway Arch National Park,jeff,MO,National Park,38.6258069,-90.1892508,15,17,1,276,False,False,False,True,False
Gateway National Recreation Area,gate,"NY,NJ",National Recreation Area,40.56536246,-73.9171087,9,15,0,396,True,True,False,True,True
Gauley River National Recreation Area,gari,WV,National Recreation Area,38.20614947,-81.00420836,10,9,0,307,True,True,False,False,True
General Grant National Memorial,gegr,NY,National Memorial,40.81332817,-73.96331542,6,8,0,390,False,False,False,False,False
George Rogers Clark National Historical Park,gero,IN,National Historical Park,38.67912659,-87.53545212,15,12,0,399,False,True,False,False,False
George Washington Birthplace National Monument,gewa,VA,National Monument,38.19362603,-76.92079458,14,26,0,385,False,True,True,False,False
George Washington Carver National Monument,gwca,MO,National Monument,36.9871322,-94.35522737,13,19,0,284,False,False,False,False,False
George Washington Memorial Parkway,gwmp,"DC,MD,VA",Memorial Parkway,38.9628,-77.1495,8,13,0,313,False,False,True,True,False
Gettysburg National Military Park,gett,PA,National Military Park,39.81557366,-77.23246758,22,27,0,365,False,False,True,True,False
Gila Cliff Dwellings National Monument,gicl,NM,National Monument,33.22715258,-108.2706711,21,41,0,391,True,False,True,False,False
Glacier Bay National Park & Preserve,glba,AK,National Park & Preserve,58.80086718,-136.8407579,31,19,0,363,True,True,True,False,True
Glacier National Park,glac,MT,National Park,48.68414678,-113.8009306,45,42,8,305,True,True,False,True,True
Glen Canyon National Recreation Area,glca,"AZ,UT",National Recreation Area,36.9357464677,-111.485594268,28,22,7,352,True,True,False,True,True
Glen Echo Park,glec,MD,Park,38.96912315,-77.14012206,6,4,0,397,False,False,False,False,False
Gloria Dei Church National Historic Site,glde,PA,National Historic Site,39.93435005,-75.14398924,1,5,0,199,False,False,False,False,False
Golden Gate National Recreation Area,goga,CA,National Recreation Area,37.85982543,-122.6007386,26,93,0,399,True,True,True,True,False
Golden Spike National Historical Park,gosp,UT,National Historical Park,41.61947508,-112.5242653,14,12,3,361,False,False,False,False,False
Governors Island National Monument,gois,NY,National Monument,40.69164233,-74.01670765,10,15,0,370,False,False,False,True,False
Grand Canyon National Park,grca,AZ,National Park,36.0001165336,-112.121516363,32,37,4,387,True,True,True,True,True
Grand Canyon-Parashant National Monument,para,AZ,National Monument,36.41535465,-113.6682797,10,8,0,400,True,False,False,True,False
Grand Portage National Monument,grpo,MN,National Monument,47.99294217,-89.75573031,28,19,0,399,True,False,True,False,False
Grand Teton National Park,grte,WY,National Park,43.81853565,-110.7054666,54,22,9,344,True,True,True,True,True
Grant-Kohrs Ranch National Historic Site,grko,MT,National Historic Site,46.41358923,-112.7467024,11,4,0,327,False,True,True,False,False
Great Basin National Park,grba,NV,National Park,38.94617378,-114.2579782,35,5,0,396,True,True,True,True,False
Great Egg Harbor River,greg,NJ,,39.3042,-74.6497,24,19,0,400,True,True,True,True,True
Great Falls Park,grfa,VA,Park,38.98776107,-77.25128326,5,12,8,373,False,False,False,False,False
Great Sand Dunes National Park & Preserve,grsa,CO,National Park & Preserve,37.79256812,-105.5919572,56,58,8,329,True,True,True,True,False
Great Smoky Mountains National Park,grsm,"NC,TN",National Park,35.60116374,-83.50818326,36,0,0,363,True,True,True,True,False
Green Springs,grsp,VA,,38.037099,-78.189823,3,8,0,394,False,False,False,True,False
Greenbelt Park,gree,MD,Park,38.98328267,-76.89722133,9,4,0,102,True,False,True,False,False
Guadalupe Mountains National Park,gumo,TX,National Park,31.92304462,-104.885527,20,20,2,382,True,False,True,False,False
Guilford Courthouse National Military Park,guco,NC,National Military Park,36.13225478,-79.8424561,14,15,0,352,False,False,False,True,False
Gulf Islands National Seashore,guis,"FL,MS",National Seashore,30.3211,-87.2304,44,38,3,210,True,True,True,True,True
Hagerman Fossil Beds National Monument,hafo,ID,National Monument,42.79074114,-114.9443074,14,7,0,366,False,False,True,False,False
Haleakalā National Park,hale,HI,National Park,20.70693015,-156.1591775,8,7,7,374,True,False,False,False,False
Hamilton Grange National Memorial,hagr,NY,National Memorial,40.81871605,-73.94878487,7,3,0,332,False,False,False,False,False
Hampton National Historic Site,hamp,MD,National Historic Site,39.4175296,-76.58781182,20,44,0,363,False,False,True,True,False
Harmony Hall,haha,MD,,38.74646351,-77.00377069,2,2,0,393,False,False,True,False,False
Harpers Ferry National Historical Park,hafe,"WV,VA,MD",National Historical Park,39.31865949,-77.74088546,6,20,3,363,False,False,False,False,False
Harriet Tubman National Historical Park,hart,NY,National Historical Park,42.9128920287,-76.5646715462,5,28,0,392,False,False,False,False,False
Harriet Tubman Underground Railroad National Historical Park,hatu,MD,National Historical Park,38.4548643511,-76.1373451376,6,13,0,393,False,False,False,False,False
Harry S Truman National Historic Site,hstr,MO,National Historic Site,38.92711967,-94.5162488,7,5,0,331,False,False,False,False,False
Hawaiʻi Volcanoes National Park,havo,HI,National Park,19.3355036,-155.4700257,17,12,6,364,True,False,True,True,False
Herbert Hoover National Historic Site,heho,IA,National Historic Site,41.66793558,-91.35232139,13,15,0,393,False,False,True,False,False
Historic Jamestowne Part of Colonial National Historical Park,jame,VA,Part of Colonial National Historical Park,37.2065,-76.7538,5,1,1,391,False,False,False,False,False
Home Of Franklin D Roosevelt National Historic Site,hofr,NY,National Historic Site,41.76639758,-73.92516857,6,1,2,389,False,False,False,False,False
Homestead National Historical Park,home,NE,National Historical Park,40.28802381,-96.83387781,15,23,0,397,False,False,True,False,False
Honouliuli National Historic Site,hono,HI,National Historic Site,21.38817536,-158.0574991,2,6,0,251,False,False,False,False,False
Hopewell Culture National Historical Park,hocu,OH,National Historical Park,39.31594374,-83.08049456,11,6,0,390,False,False,False,True,False
Hopewell Furnace National Historic Site,hofu,PA,National Historic Site,40.20610637,-75.76766355,30,52,0,352,False,False,True,True,False
Horseshoe Bend National Military Park,hobe,AL,National Military Park,32.97668879,-85.73413589,38,25,0,368,False,True,True,True,True
Hot Springs National Park,hosp,AR,National Park,34.52414366,-93.06332936,20,29,0,399,True,True,True,True,False
Hovenweep National Monument,hove,"CO,UT",National Monument,37.39134092,-109.0047977,8,4,3,340,True,False,False,False,False
Hubbell Trading Post National Historic Site,hutr,AZ,National Historic Site,35.70727324,-109.5599515,5,4,0,399,False,False,False,False,False
Ice Age Floods National Geologic Trail,iafl,"WA,OR,ID,MT",National Geologic Trail,46.5669309008,-118.992564971,4,3,0,389,False,False,False,False,False
Ice Age National Scenic Trail,iatr,WI,National Scenic Trail,43.9895697794,-89.5612021706,11,11,0,355,True,True,True,False,False
Independence National Historical Park,inde,PA,National Historical Park,39.94746112,-75.14794157,8,24,1,316,False,False,False,False,False
Indiana Dunes National Park,indu,IN,National Park,41.63765525,-87.09647445,35,12,7,399,True,True,True,True,True
Isle Royale National Park,isro,MI,National Park,48.01145819,-88.82780657,35,29,1,384,True,True,True,False,True
Iñupiat Heritage Center,inup,AK,,71.29832445,-156.7535863,2,1,0,395,False,False,False,False,False
James A Garfield National Historic Site,jaga,OH,National Historic Site,41.66486549,-81.35086557,7,6,0,395,False,False,False,False,False
Jean Lafitte National Historical Park and Preserve,jela,LA,National Historical Park and Preserve,29.81739855,-90.1402241,24,44,0,397,False,True,True,False,False
Jewel Cave National Monument,jeca,SD,National Monument,43.73102945,-103.829994,10,9,0,396,False,False,True,False,False
Jimmy Carter National Historical Park,jica,GA,National Historical Park,32.03611,-84.3924,8,5,0,305,False,False,False,True,False
John Day Fossil Beds National Monument,joda,OR,National Monument,44.62566508,-119.8811491,6,6,0,396,False,False,False,False,False
John Fitzgerald Kennedy National Historic Site,jofi,MA,National Historic Site,42.34693694,-71.12323846,6,6,0,369,False,False,False,False,False
John Muir National Historic Site,jomu,CA,National Historic Site,37.9828422,-122.1326097,7,7,0,391,False,False,True,False,False
Johnstown Flood National Memorial,jofl,PA,National Memorial,40.34584534,-78.77448601,5,20,0,377,False,False,False,False,False
Joshua Tree National Park,jotr,CA,National Park,33.91418525,-115.8398125,29,20,3,399,True,False,True,True,False
Juan Bautista de Anza National Historic Trail,juba,"AZ,CA",National Historic Trail,33.8743390994,-117.224179857,16,9,0,363,False,False,False,True,False
Kalaupapa National Historical Park,kala,HI,National Historical Park,21.1731108,-156.9511609,3,5,0,394,False,False,False,False,False
Kaloko-Honokōhau National Historical Park,kaho,HI,National Historical Park,19.68083237,-156.0306932,14,2,0,300,False,True,True,True,False
Katahdin Woods and Waters National Monument,kaww,ME,National Monument,45.9567565918,-68.7122879028,22,14,0,230,True,True,True,True,False
Katmai National Park & Preserve,katm,AK,National Park & Preserve,58.62235668,-155.0126574,23,35,0,386,True,True,True,False,True
Kenai Fjords National Park,kefj,AK,National Park,59.81804414,-150.106502,38,33,0,340,True,True,True,False,True
Kenilworth Park & Aquatic Gardens,keaq,DC,,38.9128,-76.9434,13,22,0,377,False,False,True,False,False
Kennesaw Mountain National Battlefield Park,kemo,GA,National Battlefield Park,33.95370717,-84.59214186,8,13,6,319,False,False,False,True,False
Keweenaw National Historical Park,kewe,MI,National Historical Park,47.1792308,-88.52275344,15,6,0,386,False,False,False,True,False
Kings Mountain National Military Park,kimo,SC,National Military Park,35.13900723,-81.38978712,5,6,0,349,False,False,False,False,False
Klondike Gold Rush - Seattle Unit National Historical Park,klse,WA,National Historical Park,47.5993663,-122.3319664,5,5,0,352,False,False,False,False,False
Klondike Gold Rush National Historical Park,klgo,AK,National Historical Park,59.61042373,-135.2618535,24,52,0,297,True,False,True,False,False
Knife River Indian Villages National Historic Site,knri,ND,National Historic Site,47.3540219,-101.3860533,23,15,0,277,False,True,True,False,False
Kobuk Valley National Park,kova,AK,National Park,67.35631336,-159.2002293,19,11,0,396,True,True,True,False,True
Korean War Veterans Memorial,kowa,DC,,38.88784226,-77.04773857,3,2,0,166,False,False,False,False,False
LBJ Memorial Grove on the Potomac,lyba,DC,,38.87858036,-77.05145832,9,8,0,399,False,False,True,True,False
Lake Clark National Park & Preserve,lacl,AK,National Park & Preserve,60.57405857,-153.55535,39,42,0,298,True,True,True,True,True
Lake Mead National Recreation Area,lake,"AZ,NV",National Recreation Area,35.96622528,-114.3469067,48,38,9,292,True,True,True,True,True
Lake Meredith National Recreation Area,lamr,TX,National Recreation Area,35.61926203,-101.6820066,20,4,0,393,True,True,False,True,True
Lake Roosevelt National Recreation Area,laro,WA,National Recreation Area,48.17148735,-118.3513713,32,16,0,390,True,True,False,False,True
Lassen Volcanic National Park,lavo,CA,National Park,40.49354575,-121.4075993,47,37,11,235,True,True,True,True,True
Lava Beds National Monument,labe,CA,National Monument,41.75915823,-121.5172189,28,30,3,382,True,False,True,True,False
Lewis & Clark National Historic Trail,lecl,"IA,ID,IL,IN,KS,KY,MO,MT,NE,ND,OH,OR,PA,SD,WA,WV",National Historic Trail,41.2646141052,-95.9245147705,14,45,0,381,False,True,True,True,True
Lewis and Clark National Historical Park,lewi,"OR,WA",National Historical Park,46.21178735,-123.9638583,21,19,1,324,False,True,True,False,False
Lincoln Boyhood National Memorial,libo,IN,National Memorial,38.11817004,-86.99656861,18,4,0,281,False,False,True,True,False
Lincoln Home National Historic Site,liho,IL,National Historic Site,39.79715642,-89.64513397,18,17,0,384,False,False,True,False,False
Lincoln Memorial,linc,DC,,38.88927229,-77.05017778,6,9,0,259,False,False,False,False,False
Little Bighorn Battlefield National Monument,libi,MT,National Monument,45.55633048,-107.4183614,9,10,7,399,False,False,False,False,False
Little River Canyon National Preserve,liri,AL,National Preserve,34.41461863,-85.61734327,29,24,2,390,False,True,True,True,False
Little Rock Central High School National Historic Site,chsc,AR,National Historic Site,34.7369465,-92.29987899,6,2,0,387,False,False,False,False,False
Longfellow House Washington's Headquarters National Historic Site,long,MA,National Historic Site,42.37698854,-71.12636956,9,31,0,377,False,False,False,False,False
Lowell National Historical Park,lowe,MA,National Historical Park,42.6455371,-71.31588673,17,14,0,356,False,False,False,False,True
Lower Delaware National Wild and Scenic River,lode,"PA,NJ",National Wild and Scenic River,40.4000389,-74.983737,10,13,0,344,True,True,False,False,True
Lower East Side Tenement Museum National Historic Site,loea,NY,National Historic Site,40.7187683,-73.99001245,8,26,2,396,False,False,False,False,False
Lyndon B Johnson National Historical Park,lyjo,TX,National Historical Park,30.2519655,-98.60692433,7,16,0,346,False,False,False,False,False
Maggie L Walker National Historic Site,mawa,VA,National Historic Site,37.54781499,-77.43746979,5,9,0,387,False,False,False,False,False
Maine Acadian Culture,maac,ME,,47.25102114,-68.59447532,4,6,0,392,False,True,False,False,False
Mammoth Cave National Park,maca,KY,National Park,37.19760458,-86.13090198,35,44,0,285,True,True,True,True,True
Manassas National Battlefield Park,mana,VA,National Battlefield Park,38.81710063,-77.5353468,9,9,0,325,False,True,False,False,False
Manhattan Project National Historical Park,mapr,"NM,WA,TN",National Historical Park,35.88096,-106.30214,4,7,0,387,False,False,False,False,False
Manzanar National Historic Site,manz,CA,National Historic Site,36.72559195,-118.1547177,15,31,0,348,False,False,True,True,False
Marsh - Billings - Rockefeller National Historical Park,mabi,VT,National Historical Park,43.63348732,-72.53424638,26,43,0,366,False,False,True,False,False
"Martin Luther King, Jr. Memorial",mlkm,DC,,38.8862276865,-77.0442195534,6,4,0,302,False,False,False,False,False
"Martin Luther King, Jr. National Historical Park",malu,GA,National Historical Park,33.75618241,-84.37256768,6,4,0,395,False,False,False,False,False
Martin Van Buren National Historic Site,mava,NY,National Historic Site,42.36819596,-73.70834257,12,1,0,390,False,False,True,False,False
Mary McLeod Bethune Council House National Historic Site,mamc,DC,National Historic Site,38.90819107,-77.03096742,7,17,0,397,False,False,False,False,False
Medgar and Myrlie Evers Home National Monument,memy,MS,National Monument,32.34096274,-90.21264553,0,6,0,393,False,False,False,False,False
Mesa Verde National Park,meve,CO,National Park,37.23908345,-108.4624032,20,11,6,397,True,False,True,True,False
Mill Springs Battlefield National Monument,misp,KY,National Monument,37.0688158602,-84.7375361304,5,5,0,231,False,False,False,False,False
Minidoka National Historic Site,miin,"ID,WA",National Historic Site,42.678,-114.2465,4,6,0,394,False,False,False,False,False
Minute Man National Historical Park,mima,MA,National Historical Park,42.4562778,-71.30738884,8,16,0,269,False,False,False,False,False
Minuteman Missile National Historic Site,mimi,SD,National Historic Site,43.89558013,-102.0272131,6,8,0,390,False,False,False,False,False
Mississippi National River & Recreation Area,miss,MN,National River & Recreation Area,44.942487,-93.098712,26,14,0,353,False,True,True,True,True
Missouri National Recreational River,mnrr,"SD,NE",National Recreational River,42.7882189,-97.59077822,44,44,0,354,True,True,True,True,True
Mojave National Preserve,moja,CA,National Preserve,35.12485941,-115.5168258,32,37,0,388,True,False,True,True,False
Monocacy National Battlefield,mono,MD,National Battlefield,39.36084236,-77.39637677,18,18,0,387,False,False,False,False,False
Montezuma Castle National Monument,moca,AZ,National Monument,34.62237771,-111.8147857,14,14,1,301,True,False,True,False,False
Moores Creek National Battlefield,mocr,NC,National Battlefield,34.45820776,-78.11031134,14,31,0,384,False,True,False,False,False
Mormon Pioneer National Historic Trail,mopi,"IL,IA,NE,UT,WY",National Historic Trail,41.2650321741,-101.84083756,9,14,0,188,False,False,False,False,False
Morristown National Historical Park,morr,NJ,National Historical Park,40.7650755,-74.53455122,20,9,0,385,False,False,True,True,False
Mount Rainier National Park,mora,WA,National Park,46.86075416,-121.7043885,36,47,7,399,True,True,True,True,False
Mount Rushmore National Memorial,moru,SD,National Memorial,43.88037021,-103.4525186,10,9,0,398,False,False,False,False,False
Muir Woods National Monument,muwo,CA,National Monument,37.89658027,-122.5808047,9,9,1,343,False,False,True,False,False
Natchez National Historical Park,natc,MS,National Historical Park,31.54697621,-91.39040665,7,5,0,201,False,False,False,False,False
Natchez Trace National Scenic Trail,natt,"AL,MS,TN",National Scenic Trail,34.330290333,-88.7100104094,3,1,0,299,False,False,False,False,False
Natchez Trace Parkway,natr,"AL,MS,TN",Parkway,33.78002293,-89.03092439,29,21,0,388,True,True,True,True,False
National Capital Parks-East,nace,DC,,38.8659,-76.994,1,12,0,379,False,False,False,True,False
National Mall and Memorial Parks,nama,DC,,38.8899,-77.026,18,13,0,387,False,True,True,True,True
National Park of American Samoa,npsa,AS,,-14.22865935,-169.8503777,21,14,0,295,False,False,True,False,False
National Parks of New York Harbor,npnh,NY,,40.6632,-74.0451,37,41,0,389,True,True,True,True,True
Natural Bridges National Monument,nabr,UT,National Monument,37.6045329,-110.0022436,8,6,3,373,True,False,False,False,False
Navajo National Monument,nava,AZ,National Monument,36.71755643,-110.5504015,13,4,0,383,True,False,False,False,False
New Bedford Whaling National Historical Park,nebe,MA,National Historical Park,41.63540552,-70.92322321,3,22,0,398,False,False,False,False,False
New England National Scenic Trail,neen,"MA,CT",National Scenic Trail,42.2915819137,-72.5242767334,8,8,0,396,True,False,False,False,False
New Jersey Pinelands National Reserve,pine,NJ,National Reserve,39.9384,-74.625,0,0,0,387,False,False,False,False,False
New Orleans Jazz National Historical Park,jazz,LA,National Historical Park,29.96303129,-90.06749669,9,4,0,397,False,False,False,False,False
New Philadelphia National Historic Site,neph,IL,National Historic Site,39.69803,-90.96131,1,8,0,373,False,False,False,False,False
New River Gorge National Park & Preserve,neri,WV,National Park & Preserve,37.86878554,-80.99956002,46,36,0,300,True,True,True,True,True
Nez Perce National Historical Park,nepe,"ID,MT,OR,WA",National Historical Park,46.07019093,-115.8761258,18,34,0,399,False,False,True,False,False
Nicodemus National Historic Site,nico,KS,National Historic Site,39.39167606,-99.61680329,5,2,0,347,False,False,False,False,False
Ninety Six National Historic Site,nisi,SC,National Historic Site,34.14273587,-82.01636079,23,11,0,304,False,True,True,False,True
Niobrara National Scenic River,niob,NE,National Scenic River,42.79413083,-99.91870646,21,22,0,383,True,True,True,True,False
Noatak National Preserve,noat,AK,National Preserve,68.01027053,-159.831694,19,9,0,365,True,True,True,False,True
North Cascades National Park,noca,WA,National Park,48.71171756,-121.2069423,30,12,0,375,True,True,False,True,True
North Country National Scenic Trail,noco,"MI,MN,ND,NY,OH,PA,VT,WI",National Scenic Trail,46.334400743,-90.8165630499,18,38,0,377,True,False,True,True,False
Obed Wild & Scenic River,obed,TN,Wild & Scenic River,36.1056026037,-84.5979170501,15,9,0,388,True,True,True,False,False
Ocmulgee Mounds National Historical Park,ocmu,GA,National Historical Park,32.83816576,-83.60224853,14,14,0,398,False,True,True,True,False
Oklahoma City National Memorial,okci,OK,National Memorial,35.473,-97.5171,3,3,1,321,False,False,False,False,False
Old Spanish National Historic Trail,olsp,"AZ,CA,CO,NV,NM,UT",National Historic Trail,37.0791782514,-112.114693431,6,10,0,280,False,False,False,False,False
Olympic National Park,olym,WA,National Park,47.80392754,-123.6663848,54,42,6,387,True,True,True,True,True
Oregon Caves National Monument & Preserve,orca,OR,National Monument & Preserve,42.10319143,-123.4018586,25,2,3,298,True,False,True,False,False
Oregon National Historic Trail,oreg,"ID,KS,MO,NE,OR,WA,WY",National Historic Trail,41.9876977831,-109.634200841,9,13,0,357,False,False,False,False,False
Organ Pipe Cactus National Monument,orpi,AZ,National Monument,32.03585543,-112.8573314,29,21,3,393,True,False,True,True,False
Overmountain Victory National Historic Trail,ovvi,"NC,SC,TN,VA",National Historic Trail,35.14044,-81.377,19,8,0,395,False,False,True,True,False
Oxon Cove Park & Oxon Hill Farm,oxhi,MD,,38.80578214,-77.01131457,13,12,0,332,False,False,True,True,False
Ozark National Scenic Riverways,ozar,MO,National Scenic Riverways,37.13968894,-91.25709817,42,43,0,395,True,True,True,False,True
Padre Island National Seashore,pais,TX,National Seashore,27.05381186,-97.35901135,25,13,8,394,True,True,True,True,True
Palo Alto Battlefield National Historical Park,paal,TX,National Historical Park,26.02387351,-97.46296072,18,37,0,329,False,False,True,True,False
Paterson Great Falls National Historical Park,pagr,NJ,National Historical Park,40.91584645,-74.18021494,6,1,0,397,False,False,False,False,False
Pea Ridge National Military Park,peri,AR,National Military Park,36.45438033,-94.03468357,17,8,0,313,False,False,True,True,False
Pearl Harbor National Memorial,valr,HI,National Memorial,21.3670699388,-157.938578898,7,16,0,328,False,False,False,False,False
Pecos National Historical Park,peco,NM,National Historical Park,35.54192238,-105.6814684,14,36,0,399,False,True,False,False,False
Pennsylvania Avenue,paav,DC,,38.89426856,-77.02506554,2,2,0,183,False,False,False,False,False
Perry's Victory & International Peace Memorial,pevi,OH,Memorial,41.65449782,-82.8115794,22,36,1,353,False,True,True,True,True
Petersburg National Battlefield,pete,VA,National Battlefield,37.19109957,-77.47594865,17,9,0,335,False,True,False,True,False
Petrified Forest National Park,pefo,AZ,National Park,34.98387664,-109.7877678,37,45,9,395,True,False,True,True,False
Petroglyph National Monument,petr,NM,National Monument,35.13915998,-106.7491456,8,3,0,399,False,False,True,False,False
Pictured Rocks National Lakeshore,piro,MI,National Lakeshore,46.56435642,-86.31628733,51,38,8,358,True,True,True,True,True
Pinnacles National Park,pinn,CA,National Park,36.49029208,-121.1813607,26,80,9,343,True,False,True,True,False
Pipe Spring National Monument,pisp,AZ,National Monument,36.86282666,-112.7398567,20,27,1,365,True,False,False,False,False
Pipestone National Monument,pipe,MN,National Monument,44.01351958,-96.32475523,15,14,0,206,False,False,True,False,False
Piscataway Park,pisc,MD,Park,38.6929,-77.067,2,9,0,335,False,True,False,False,True
Point Reyes National Seashore,pore,CA,National Seashore,38.05511241,-122.8797804,18,34,0,398,True,True,True,True,False
Pony Express National Historic Trail,poex,"CA,CO,KS,MO,NE,NV,UT,WY",National Historic Trail,42.2365761128,-109.266148417,11,8,0,309,False,False,False,False,False
Port Chicago Naval Magazine National Memorial,poch,CA,National Memorial,38.05685472,-122.0301603,2,9,0,395,False,False,False,False,False
Potomac Heritage National Scenic Trail,pohe,"DC,MD,PA,VA",National Scenic Trail,39.15060133,-77.52301085,6,17,0,180,True,False,True,True,False
Poverty Point National Monument,popo,LA,National Monument,32.6424361,-91.40829834,4,2,0,390,False,False,False,False,False
President William Jefferson Clinton Birthplace Home National Historic Site,wicl,AR,National Historic Site,33.66758356,-93.59641868,8,6,0,396,False,False,False,False,False
Presidio of San Francisco,prsf,CA,,37.797,-122.4671,10,38,0,391,False,False,True,True,False
Prince William Forest Park,prwi,VA,Park,38.58589108,-77.38910997,29,24,3,392,True,True,True,True,False
Pullman National Historical Park,pull,IL,National Historical Park,41.69429163,-87.60873824,7,14,0,293,False,False,False,False,False
Puʻuhonua o Hōnaunau National Historical Park,puho,HI,National Historical Park,19.41268627,-155.9008789,15,23,6,379,False,True,True,False,False
Puʻukoholā Heiau National Historic Site,puhe,HI,National Historic Site,20.02772186,-155.8211629,13,23,0,399,True,True,True,False,False
Rainbow Bridge National Monument,rabr,UT,National Monument,37.0779,-110.9655,6,7,0,380,False,False,False,False,True
Reconstruction Era National Historical Park,reer,SC,National Historical Park,32.3868598938,-80.6511077881,6,5,0,399,False,False,False,False,False
Redwood National and State Parks,redw,CA,National and State Parks,41.37237268,-124.0318129,39,43,0,362,True,True,True,True,False
Richmond National Battlefield Park,rich,VA,National Battlefield Park,37.48774472,-77.29107785,11,23,0,273,False,False,False,False,False
Rio Grande Wild & Scenic River,rigr,TX,Wild & Scenic River,29.881,-102.3188,15,8,1,343,True,True,True,False,True
River Raisin National Battlefield Park,rira,MI,National Battlefield Park,41.91291085,-83.37620464,40,49,0,395,False,True,True,True,False
Rock Creek Park,rocr,DC,Park,38.95125063,-77.05002838,27,28,0,384,False,True,True,True,False
Rocky Mountain National Park,romo,CO,National Park,40.3556924,-105.6972879,22,19,7,363,True,True,True,False,False
Roger Williams National Memorial,rowi,RI,National Memorial,41.8298955,-71.41056665,12,10,0,396,False,False,False,False,False
Roosevelt Campobello International Park,roca,ME,International Park,44.8736,-66.9621,1,1,0,397,False,False,False,False,False
Rosie the Riveter WWII Home Front National Historical Park,rori,CA,National Historical Park,37.90999027,-122.360156,7,21,0,277,False,False,False,False,False
Russell Cave National Monument,ruca,AL,National Monument,34.97402063,-85.81560314,11,3,0,393,False,False,True,False,False
Sagamore Hill National Historic Site,sahi,NY,National Historic Site,40.88579128,-73.49686438,26,25,0,373,False,False,True,True,False
Saguaro National Park,sagu,AZ,National Park,32.20909636,-110.7574974,14,12,3,394,True,False,False,True,False
Saint Croix Island International Historic Site,sacr,ME,International Historic Site,45.12858838,-67.13363651,3,5,0,394,False,False,True,False,False
Saint Croix National Scenic Riverway,sacn,"WI,MN",National Scenic Riverway,45.70019235,-92.36126685,21,6,0,349,True,True,True,False,True
Saint Paul's Church National Historic Site,sapa,NY,National Historic Site,40.89283511,-73.82577276,9,23,0,397,False,False,False,False,False
Saint-Gaudens National Historical Park,saga,NH,National Historical Park,43.4997238,-72.37333969,27,35,1,379,False,False,True,False,False
Salem Maritime National Historical Park,sama,MA,National Historical Park,42.52024529,-70.88640867,9,23,0,398,False,False,False,False,False
Salinas Pueblo Missions National Monument,sapu,NM,National Monument,34.35423203,-106.2050309,15,38,0,398,False,False,True,False,False
Salt River Bay National Historical Park and Ecological Preserve,sari,VI,National Historical Park and Ecological Preserve,17.77908602,-64.75519348,7,2,0,267,False,False,False,False,False
San Antonio Missions National Historical Park,saan,TX,National Historical Park,29.31262089,-98.4289522,15,17,0,385,False,False,True,True,False
San Francisco Maritime National Historical Park,safr,CA,National Historical Park,37.81005871,-122.4244415,19,15,0,378,False,False,False,False,True
San Juan Island National Historical Park,sajh,WA,National Historical Park,48.51241933,-123.0610277,24,29,0,353,False,False,True,True,False
San Juan National Historic Site,saju,PR,National Historic Site,18.46873857,-66.11848623,10,17,1,393,False,False,True,False,False
Sand Creek Massacre National Historic Site,sand,CO,National Historic Site,38.56414189,-102.5169542,6,14,0,384,False,False,True,False,False
Santa Fe National Historic Trail,safe,"CO,KS,MO,NM,OK",National Historic Trail,37.7276522226,-99.921969227,9,20,0,337,False,False,False,False,False
Santa Monica Mountains National Recreation Area,samo,CA,National Recreation Area,34.09777606,-118.7708619,15,14,0,299,True,False,False,True,False
Saratoga National Historical Park,sara,NY,National Historical Park,42.99522612,-73.63386108,31,52,0,394,False,False,True,True,False
Saugus Iron Works National Historic Site,sair,MA,National Historic Site,42.46830664,-71.0076953,6,11,0,351,False,False,False,False,False
Scotts Bluff National Monument,scbl,NE,National Monument,41.83464193,-103.7071351,18,19,0,365,False,False,False,True,False
Selma To Montgomery National Historic Trail,semo,AL,National Historic Trail,32.27082092,-86.72823702,9,6,0,395,False,False,False,False,False
Sequoia & Kings Canyon National Parks,seki,CA,National Parks,36.71277299,-118.587429,39,34,10,339,True,True,True,False,False
Shenandoah National Park,shen,VA,National Park,38.49236644,-78.46907715,34,26,10,349,True,True,True,True,False
Shiloh National Military Park,shil,"TN,MS",National Military Park,35.13850907,-88.3421072,20,25,0,366,False,False,True,True,False
Sitka National Historical Park,sitk,AK,National Historical Park,57.04718173,-135.3156876,16,30,0,358,False,True,True,False,False
Sleeping Bear Dunes National Lakeshore,slbe,MI,National Lakeshore,44.92844962,-86.02706591,29,23,5,398,True,True,True,True,False
Springfield 1908 Race Riot National Monument,spra,IL,National Monument,39.8027,-89.6422,0,9,0,377,False,False,False,False,False
Springfield Armory National Historic Site,spar,MA,National Historic Site,42.1086368,-72.57967415,8,41,0,400,False,False,False,False,False
Star-Spangled Banner National Historic Trail,stsp,"MD,VA,DC",National Historic Trail,39.2872505188,-76.6034317017,41,71,0,391,True,True,True,True,True
Statue Of Liberty National Monument,stli,NY,National Monument,40.6898,-74.0451,11,15,0,381,False,False,False,False,False
Ste. Geneviève National Historical Park,stge,MO,National Historical Park,37.9792171421,-90.0432157516,7,17,0,360,False,False,False,False,False
Steamtown National Historic Site,stea,PA,National Historic Site,41.40757521,-75.67037255,11,5,0,399,False,False,False,False,False
Stones River National Battlefield,stri,TN,National Battlefield,35.87608652,-86.43078399,23,22,0,251,False,True,True,True,False
Stonewall National Monument,ston,NY,National Monument,40.7337799072,-74.0006866455,3,6,0,243,False,False,False,False,False
Sunset Crater Volcano National Monument,sucr,AZ,National Monument,35.37114323,-111.510376,9,4,8,379,False,False,False,False,False
Tallgrass Prairie National Preserve,tapr,KS,National Preserve,38.44023613,-96.5670822,21,20,0,398,False,True,True,False,False
Thaddeus Kosciuszko National Memorial,thko,PA,National Memorial,39.94345312,-75.14732045,3,5,0,289,False,False,False,False,False
The White House and President's Park,whho,DC,,38.89541886,-77.03654147,9,29,0,381,False,False,False,False,False
Theodore Roosevelt Birthplace National Historic Site,thrb,NY,National Historic Site,40.7386469,-73.98903703,2,0,0,366,False,False,False,False,False
Theodore Roosevelt Inaugural National Historic Site,thri,NY,National Historic Site,42.90146781,-78.87248411,10,15,1,386,False,False,False,False,False
Theodore Roosevelt Island,this,DC,,38.89584162,-77.06241918,8,9,0,395,False,False,True,False,False
Theodore Roosevelt National Park,thro,ND,National Park,47.17777274,-103.4300083,28,29,6,391,True,False,True,True,False
Thomas Cole National Historic Site,thco,NY,National Historic Site,42.22570607,-73.86154864,6,0,0,391,False,False,True,False,False
Thomas Edison National Historical Park,edis,NJ,National Historical Park,40.78549896,-74.23821139,3,10,2,382,False,False,False,False,False
Thomas Jefferson Memorial,thje,DC,,38.88101431,-77.03632572,3,3,0,96,False,False,False,False,False
Thomas Stone National Historic Site,thst,MD,National Historic Site,38.52934443,-77.037813,6,21,0,217,False,False,True,False,False
Timpanogos Cave National Monument,tica,UT,National Monument,40.44039719,-111.7093944,4,9,3,395,False,False,False,False,False
Timucuan Ecological & Historic Preserve,timu,FL,Ecological & Historic Preserve,30.47251894,-81.49950104,26,20,0,260,False,True,True,True,True
Tonto National Monument,tont,AZ,National Monument,33.64842945,-111.1135627,12,6,2,384,False,False,False,True,False
Touro Synagogue National Historic Site,tosy,RI,National Historic Site,41.4893,-71.3121,3,3,0,385,False,False,False,False,False
Trail Of Tears National Historic Trail,trte,"AL,AR,GA,IL,KY,MO,NC,OK,TN",National Historic Trail,36.0530021046,-89.6761041963,8,18,0,243,False,False,False,False,False
Tule Lake National Monument,tule,CA,National Monument,41.88727902,-121.3744818,6,5,0,348,False,False,False,False,False
Tule Springs Fossil Beds National Monument,tusk,NV,National Monument,36.3893217,-115.3202223,14,23,0,206,False,False,True,True,False
Tumacácori National Historical Park,tuma,AZ,National Historical Park,31.567824,-111.051223,21,26,2,389,False,False,True,False,False
Tupelo National Battlefield,tupe,MS,National Battlefield,34.25557705,-88.73708623,2,6,0,369,False,False,False,False,False
Tuskegee Airmen National Historic Site,tuai,AL,National Historic Site,32.45538671,-85.67983321,4,6,0,375,False,False,False,False,False
Tuskegee Institute National Historic Site,tuin,AL,National Historic Site,32.42962115,-85.70488498,3,4,0,393,False,False,False,False,False
Tuzigoot National Monument,tuzi,AZ,National Monument,34.77296377,-112.0279069,9,15,1,362,False,False,True,False,False
Ulysses S Grant National Historic Site,ulsg,MO,National Historic Site,38.55182374,-90.35169255,16,20,0,309,False,False,True,True,False
Upper Delaware Scenic & Recreational River,upde,"NY,PA",Scenic & Recreational River,41.66172578,-75.03861562,20,28,0,400,True,True,True,False,True
Valles Caldera National Preserve,vall,NM,National Preserve,35.91682872,-106.5195724,30,47,3,344,False,True,True,True,False
Valley Forge National Historical Park,vafo,PA,National Historical Park,40.10054985,-75.44581889,20,21,0,386,False,True,True,True,False
Vanderbilt Mansion National Historic Site,vama,NY,National Historic Site,41.79697937,-73.94205557,10,2,1,195,False,False,False,False,False
Vicksburg National Military Park,vick,"MS,LA",National Military Park,32.3621286,-90.85030186,17,7,8,393,False,False,False,True,False
Vietnam Veterans Memorial,vive,DC,,38.89096297,-77.04765735,3,2,0,203,False,False,False,False,False
Virgin Islands Coral Reef National Monument,vicr,VI,National Monument,18.28996918,-64.70683395,15,14,0,267,False,True,True,False,True
Virgin Islands National Park,viis,VI,National Park,18.34279656,-64.74194451,31,22,0,399,True,True,True,False,True
Voyageurs National Park,voya,MN,National Park,48.48370609,-92.8382913,48,37,0,378,True,True,True,True,True
Waco Mammoth National Monument,waco,TX,National Monument,31.60465887,-97.17606143,2,1,0,271,False,False,False,False,False
Walnut Canyon National Monument,waca,AZ,National Monument,35.16822994,-111.5024239,8,6,8,289,False,False,False,False,False
War In The Pacific National Historical Park,wapa,GU,National Historical Park,13.43795691,144.6922461,8,10,0,293,False,False,False,False,False
Washington Monument,wamo,DC,,38.88948,-77.035207,5,4,1,126,False,False,False,False,False
Washington-Rochambeau Revolutionary Route National Historic Trail,waro,"MA,RI,CT,NY,NJ,PA,DE,MD,VA,DC",National Historic Trail,40.0958204557,-74.8563515109,0,10,0,208,False,False,False,False,False
Washita Battlefield National Historic Site,waba,OK,National Historic Site,35.62083963,-99.70445143,14,17,0,346,False,False,False,False,False
Weir Farm National Historical Park,wefa,CT,National Historical Park,41.25886268,-73.45452542,8,8,0,398,False,False,False,False,False
Whiskeytown National Recreation Area,whis,CA,National Recreation Area,40.61359941,-122.6022657,44,31,3,301,True,True,True,True,True
White Sands National Park,whsa,NM,National Park,32.77907858,-106.3333461,11,8,6,385,True,False,False,True,False
Whitman Mission National Historic Site,whmi,WA,National Historic Site,46.04119286,-118.4629388,15,11,0,379,False,False,True,False,False
William Howard Taft National Historic Site,wiho,OH,National Historic Site,39.11970352,-84.50758951,7,2,0,377,False,False,False,False,False
Wilson's Creek National Battlefield,wicr,MO,National Battlefield,37.1000127,-93.40986704,27,31,0,380,False,False,True,True,False
Wind Cave National Park,wica,SD,National Park,43.58012365,-103.4394709,25,28,0,379,True,False,True,True,False
Wing Luke Museum Affiliated Area,wing,WA,Affiliated Area,47.59820859,-122.3228912,6,3,0,394,False,False,False,False,False
Wolf Trap National Park for the Performing Arts,wotr,VA,,38.93854526,-77.265089,8,3,0,383,False,False,False,False,False
Women's Rights National Historical Park,wori,NY,National Historical Park,42.90817073,-76.81655558,6,22,0,399,False,False,False,False,False
World War I Memorial,wwim,DC,,38.8959,-77.0329,2,13,0,142,False,False,False,False,False
World War II Memorial,wwii,DC,,38.88923917,-77.0403759,3,6,0,230,False,False,False,False,False
Wrangell - St Elias National Park & Preserve,wrst,AK,National Park & Preserve,61.4182147,-142.6028439,42,34,0,396,True,True,True,True,True
Wright Brothers National Memorial,wrbr,NC,National Memorial,36.01637713,-75.66997163,5,6,6,393,False,False,False,False,False
Wupatki National Monument,wupa,AZ,National Monument,35.55741077,-111.3957216,19,7,9,400,False,False,True,True,False
Yellowstone National Park,yell,"ID,MT,WY",National Park,44.59824417,-110.5471695,53,62,10,206,True,True,True,True,True
Yorktown Battlefield Part of Colonial National Historical Park,york,VA,Part of Colonial National Historical Park,37.2195,-76.4983,21,28,1,392,False,False,True,True,False
Yosemite National Park,yose,CA,National Park,37.84883288,-119.5571873,33,43,9,399,True,True,True,True,True
Yucca House National Monument,yuho,CO,National Monument,37.24778944,-108.6861274,2,3,0,376,False,False,False,False,False
Yukon - Charley Rivers National Preserve,yuch,AK,National Preserve,65.0935608,-142.7960021,21,25,0,397,True,True,True,False,True
Zion National Park,zion,UT,National Park,37.29839254,-113.0265138,22,29,10,379,True,False,True,True,False
